sample,repeatunit.x,coverage,coverage_norm,coverage_log,chrom,start,stop,genotype,allele1,allele2,repeatunit.y,locus,allele_mean
1,AGC,5,20,4.32192809488736,chr13,70713514,70713561,CTG_16/3,-36.9,2.1,CTG,chr13-70713514-70713561,9.5
10,AGC,127,426.666666666667,8.73696559416621,chr13,70713514,70713561,CTG_16/403,2.1,1163.1,CTG,chr13-70713514-70713561,209.5
100,AGC,100,336.666666666667,8.395177076918,chr13,70713514,70713561,CTG_16/347,2.1,995.1,CTG,chr13-70713514-70713561,181.5
11,AGC,53,180,7.49185309632967,chr13,70713514,70713561,CTG_16/201,2.1,557.1,CTG,chr13-70713514-70713561,108.5
12,AGC,60,203.333333333333,7.66770293172909,chr13,70713514,70713561,CTG_16/209,2.1,581.1,CTG,chr13-70713514-70713561,112.5
13,AGC,83,280,8.12928301694497,chr13,70713514,70713561,CTG_16/193,2.1,533.1,CTG,chr13-70713514-70713561,104.5
14,AGC,54,183.333333333333,7.51832530769087,chr13,70713514,70713561,CTG_16/165,2.1,449.1,CTG,chr13-70713514-70713561,90.5
15,AGC,106,356.666666666667,8.47843258056735,chr13,70713514,70713561,CTG_16/363,2.1,1043.1,CTG,chr13-70713514-70713561,189.5
16,AGC,26,90,6.49185309632967,chr13,70713514,70713561,CTG_16/64,2.1,146.1,CTG,chr13-70713514-70713561,40
17,AGC,77,260,8.02236781302845,chr13,70713514,70713561,CTG_16/242,2.1,680.1,CTG,chr13-70713514-70713561,129
18,AGC,31,106.666666666667,6.73696559416621,chr13,70713514,70713561,CTG_16/114,2.1,296.1,CTG,chr13-70713514-70713561,65
19,AGC,99,333.333333333333,8.38082178394093,chr13,70713514,70713561,CTG_16/283,2.1,803.1,CTG,chr13-70713514-70713561,149.5
2,AGC,133,446.666666666667,8.80305478462398,chr13,70713514,70713561,CTG_16/456,2.1,1322.1,CTG,chr13-70713514-70713561,236
20,AGC,162,543.333333333333,9.08569374839728,chr13,70713514,70713561,CTG_16/460,2.1,1334.1,CTG,chr13-70713514-70713561,238
21,AGC,15,53.3333333333333,5.73696559416621,chr13,70713514,70713561,CTG_16/34,2.1,56.1,CTG,chr13-70713514-70713561,25
22,AGC,136,456.666666666667,8.83499767712673,chr13,70713514,70713561,CTG_16/425,2.1,1229.1,CTG,chr13-70713514-70713561,220.5
23,AGC,81,273.333333333333,8.09451759878429,chr13,70713514,70713561,CTG_16/225,2.1,629.1,CTG,chr13-70713514-70713561,120.5
24,AGC,30,103.333333333333,6.69116190455308,chr13,70713514,70713561,CTG_16/101,2.1,257.1,CTG,chr13-70713514-70713561,58.5
25,AGC,107,360,8.49185309632967,chr13,70713514,70713561,CTG_16/327,2.1,935.1,CTG,chr13-70713514-70713561,171.5
26,AGC,153,513.333333333333,9.00375213486111,chr13,70713514,70713561,CTG_16/464,2.1,1346.1,CTG,chr13-70713514-70713561,240
27,AGC,95,320,8.32192809488736,chr13,70713514,70713561,CTG_16/376,2.1,1082.1,CTG,chr13-70713514-70713561,196
28,AGC,103,346.666666666667,8.4374053123073,chr13,70713514,70713561,CTG_16/250,2.1,704.1,CTG,chr13-70713514-70713561,133
29,AGC,39,133.333333333333,7.05889368905357,chr13,70713514,70713561,CTG_16/97,2.1,245.1,CTG,chr13-70713514-70713561,56.5
3,AGC,83,280,8.12928301694497,chr13,70713514,70713561,CTG_16/225,2.1,629.1,CTG,chr13-70713514-70713561,120.5
30,AGC,133,446.666666666667,8.80305478462398,chr13,70713514,70713561,CTG_16/476,2.1,1382.1,CTG,chr13-70713514-70713561,246
31,AGC,55,186.666666666667,7.54432051622381,chr13,70713514,70713561,CTG_16/132,2.1,350.1,CTG,chr13-70713514-70713561,74
32,AGC,154,516.666666666667,9.01308999944044,chr13,70713514,70713561,CTG_16/429,2.1,1241.1,CTG,chr13-70713514-70713561,222.5
33,AGC,53,180,7.49185309632967,chr13,70713514,70713561,CTG_16/192,2.1,530.1,CTG,chr13-70713514-70713561,104
34,AGC,111,373.333333333333,8.54432051622381,chr13,70713514,70713561,CTG_16/377,2.1,1085.1,CTG,chr13-70713514-70713561,196.5
35,AGC,43,146.666666666667,7.1963972128035,chr13,70713514,70713561,CTG_16/158,2.1,428.1,CTG,chr13-70713514-70713561,87
36,AGC,30,103.333333333333,6.69116190455308,chr13,70713514,70713561,CTG_16/380,2.1,1094.1,CTG,chr13-70713514-70713561,198
37,AGC,154,516.666666666667,9.01308999944044,chr13,70713514,70713561,CTG_16/445,2.1,1289.1,CTG,chr13-70713514-70713561,230.5
38,AGC,90,303.333333333333,8.2447602343649,chr13,70713514,70713561,CTG_16/239,2.1,671.1,CTG,chr13-70713514-70713561,127.5
39,AGC,26,90,6.49185309632967,chr13,70713514,70713561,CTG_16/84,2.1,206.1,CTG,chr13-70713514-70713561,50
4,AGC,118,396.666666666667,8.63178335747415,chr13,70713514,70713561,CTG_16/365,2.1,1049.1,CTG,chr13-70713514-70713561,190.5
40,AGC,66,223.333333333333,7.80305478462398,chr13,70713514,70713561,CTG_16/187,2.1,515.1,CTG,chr13-70713514-70713561,101.5
41,AGC,97,326.666666666667,8.35167543828141,chr13,70713514,70713561,CTG_16/282,2.1,800.1,CTG,chr13-70713514-70713561,149
42,AGC,37,126.666666666667,6.98489310760979,chr13,70713514,70713561,CTG_16/107,2.1,275.1,CTG,chr13-70713514-70713561,61.5
43,AGC,148,496.666666666667,8.95613411462837,chr13,70713514,70713561,CTG_16/439,2.1,1271.1,CTG,chr13-70713514-70713561,227.5
44,AGC,113,380,8.56985560833095,chr13,70713514,70713561,CTG_16/364,2.1,1046.1,CTG,chr13-70713514-70713561,190
45,AGC,51,173.333333333333,7.4374053123073,chr13,70713514,70713561,CTG_16/158,2.1,428.1,CTG,chr13-70713514-70713561,87
46,AGC,74,250,7.96578428466209,chr13,70713514,70713561,CTG_16/246,2.1,692.1,CTG,chr13-70713514-70713561,131
47,AGC,126,423.333333333333,8.72565028093837,chr13,70713514,70713561,CTG_16/419,2.1,1211.1,CTG,chr13-70713514-70713561,217.5
48,AGC,72,243.333333333333,7.92679015304622,chr13,70713514,70713561,CTG_16/207,2.1,575.1,CTG,chr13-70713514-70713561,111.5
49,AGC,3,13.3333333333333,3.73696559416621,chr13,70713514,70713561,CTG_16/1,-42.9,2.1,CTG,chr13-70713514-70713561,8.5
5,AGC,67,226.666666666667,7.82442843541655,chr13,70713514,70713561,CTG_16/196,2.1,542.1,CTG,chr13-70713514-70713561,106
50,AGC,151,506.666666666667,8.98489310760979,chr13,70713514,70713561,CTG_16/377,2.1,1085.1,CTG,chr13-70713514-70713561,196.5
51,AGC,24,83.3333333333333,6.38082178394093,chr13,70713514,70713561,CTG_16/51,2.1,107.1,CTG,chr13-70713514-70713561,33.5
52,AGC,18,63.3333333333333,5.98489310760979,chr13,70713514,70713561,CTG_16/35,2.1,59.1,CTG,chr13-70713514-70713561,25.5
53,AGC,29,100,6.64385618977472,chr13,70713514,70713561,CTG_16/84,2.1,206.1,CTG,chr13-70713514-70713561,50
54,AGC,5,20,4.32192809488736,chr13,70713514,70713561,CTG_16/6,-27.9,2.1,CTG,chr13-70713514-70713561,11
55,AGC,54,183.333333333333,7.51832530769087,chr13,70713514,70713561,CTG_16/201,2.1,557.1,CTG,chr13-70713514-70713561,108.5
56,AGC,20,70,6.12928301694497,chr13,70713514,70713561,CTG_16/71,2.1,167.1,CTG,chr13-70713514-70713561,43.5
57,AGC,133,446.666666666667,8.80305478462398,chr13,70713514,70713561,CTG_16/368,2.1,1058.1,CTG,chr13-70713514-70713561,192
58,AGC,57,193.333333333333,7.59494658929378,chr13,70713514,70713561,CTG_16/149,2.1,401.1,CTG,chr13-70713514-70713561,82.5
59,AGC,37,126.666666666667,6.98489310760979,chr13,70713514,70713561,CTG_16/93,2.1,233.1,CTG,chr13-70713514-70713561,54.5
6,AGC,23,80,6.32192809488736,chr13,70713514,70713561,CTG_16/56,2.1,122.1,CTG,chr13-70713514-70713561,36
60,AGC,55,186.666666666667,7.54432051622381,chr13,70713514,70713561,CTG_16/246,2.1,692.1,CTG,chr13-70713514-70713561,131
61,AGC,34,116.666666666667,6.86624861111117,chr13,70713514,70713561,CTG_16/88,2.1,218.1,CTG,chr13-70713514-70713561,52
62,AGC,115,386.666666666667,8.59494658929378,chr13,70713514,70713561,CTG_16/361,2.1,1037.1,CTG,chr13-70713514-70713561,188.5
63,AGC,86,290,8.17990909001493,chr13,70713514,70713561,CTG_16/212,2.1,590.1,CTG,chr13-70713514-70713561,114
64,AGC,126,423.333333333333,8.72565028093837,chr13,70713514,70713561,CTG_16/369,2.1,1061.1,CTG,chr13-70713514-70713561,192.5
65,AGC,107,360,8.49185309632967,chr13,70713514,70713561,CTG_16/444,2.1,1286.1,CTG,chr13-70713514-70713561,230
66,AGC,22,76.6666666666667,6.26052755022322,chr13,70713514,70713561,CTG_16/55,2.1,119.1,CTG,chr13-70713514-70713561,35.5
67,AGC,106,356.666666666667,8.47843258056735,chr13,70713514,70713561,CTG_16/367,2.1,1055.1,CTG,chr13-70713514-70713561,191.5
68,AGC,123,413.333333333333,8.69116190455308,chr13,70713514,70713561,CTG_16/384,2.1,1106.1,CTG,chr13-70713514-70713561,200
69,AGC,9,33.3333333333333,5.05889368905357,chr13,70713514,70713561,CTG_16/34,2.1,56.1,CTG,chr13-70713514-70713561,25
7,AGC,39,133.333333333333,7.05889368905357,chr13,70713514,70713561,CTG_16/162,2.1,440.1,CTG,chr13-70713514-70713561,89
70,AGC,32,110,6.78135971352466,chr13,70713514,70713561,CTG_16/67,2.1,155.1,CTG,chr13-70713514-70713561,41.5
71,AGC,62,210,7.71424551766612,chr13,70713514,70713561,CTG_16/183,2.1,503.1,CTG,chr13-70713514-70713561,99.5
72,AGC,60,203.333333333333,7.66770293172909,chr13,70713514,70713561,CTG_16/192,2.1,530.1,CTG,chr13-70713514-70713561,104
73,AGC,41,140,7.12928301694497,chr13,70713514,70713561,CTG_16/154,2.1,416.1,CTG,chr13-70713514-70713561,85
74,AGC,16,56.6666666666667,5.82442843541655,chr13,70713514,70713561,CTG_16/32,2.1,50.1,CTG,chr13-70713514-70713561,24
75,AGC,77,260,8.02236781302845,chr13,70713514,70713561,CTG_16/296,2.1,842.1,CTG,chr13-70713514-70713561,156
76,AGC,150,503.333333333333,8.97537033349128,chr13,70713514,70713561,CTG_16/479,2.1,1391.1,CTG,chr13-70713514-70713561,247.5
77,AGC,101,340,8.4093909361377,chr13,70713514,70713561,CTG_16/290,2.1,824.1,CTG,chr13-70713514-70713561,153
78,AGC,24,83.3333333333333,6.38082178394093,chr13,70713514,70713561,CTG_16/74,2.1,176.1,CTG,chr13-70713514-70713561,45
79,AGC,124,416.666666666667,8.70274987882829,chr13,70713514,70713561,CTG_16/417,2.1,1205.1,CTG,chr13-70713514-70713561,216.5
8,AGC,131,440,8.78135971352466,chr13,70713514,70713561,CTG_16/458,2.1,1328.1,CTG,chr13-70713514-70713561,237
80,AGC,37,126.666666666667,6.98489310760979,chr13,70713514,70713561,CTG_16/96,2.1,242.1,CTG,chr13-70713514-70713561,56
81,AGC,40,136.666666666667,7.09451759878429,chr13,70713514,70713561,CTG_16/116,2.1,302.1,CTG,chr13-70713514-70713561,66
82,AGC,110,370,8.53138146051631,chr13,70713514,70713561,CTG_16/364,2.1,1046.1,CTG,chr13-70713514-70713561,190
83,AGC,122,410,8.67948009950545,chr13,70713514,70713561,CTG_16/440,2.1,1274.1,CTG,chr13-70713514-70713561,228
84,AGC,125,420,8.71424551766612,chr13,70713514,70713561,CTG_16/328,2.1,938.1,CTG,chr13-70713514-70713561,172
85,AGC,155,520,9.02236781302845,chr13,70713514,70713561,CTG_16/452,2.1,1310.1,CTG,chr13-70713514-70713561,234
86,AGC,110,370,8.53138146051631,chr13,70713514,70713561,CTG_16/355,2.1,1019.1,CTG,chr13-70713514-70713561,185.5
87,AGC,34,116.666666666667,6.86624861111117,chr13,70713514,70713561,CTG_16/111,2.1,287.1,CTG,chr13-70713514-70713561,63.5
88,AGC,50,170,7.4093909361377,chr13,70713514,70713561,CTG_16/130,2.1,344.1,CTG,chr13-70713514-70713561,73
89,AGC,91,306.666666666667,8.26052755022322,chr13,70713514,70713561,CTG_16/335,2.1,959.1,CTG,chr13-70713514-70713561,175.5
9,AGC,154,516.666666666667,9.01308999944044,chr13,70713514,70713561,CTG_16/482,2.1,1400.1,CTG,chr13-70713514-70713561,249
90,AGC,104,350,8.45121111183233,chr13,70713514,70713561,CTG_16/383,2.1,1103.1,CTG,chr13-70713514-70713561,199.5
91,AGC,68,230,7.84549005094437,chr13,70713514,70713561,CTG_16/235,2.1,659.1,CTG,chr13-70713514-70713561,125.5
92,AGC,81,273.333333333333,8.09451759878429,chr13,70713514,70713561,CTG_16/270,2.1,764.1,CTG,chr13-70713514-70713561,143
93,AGC,141,473.333333333333,8.88671271367089,chr13,70713514,70713561,CTG_16/376,2.1,1082.1,CTG,chr13-70713514-70713561,196
94,AGC,82,276.666666666667,8.11200502551313,chr13,70713514,70713561,CTG_16/256,2.1,722.1,CTG,chr13-70713514-70713561,136
95,AGC,47,160,7.32192809488736,chr13,70713514,70713561,CTG_16/119,2.1,311.1,CTG,chr13-70713514-70713561,67.5
96,AGC,52,176.666666666667,7.46488604872941,chr13,70713514,70713561,CTG_16/120,2.1,314.1,CTG,chr13-70713514-70713561,68
97,AGC,132,443.333333333333,8.7922480296674,chr13,70713514,70713561,CTG_16/300,2.1,854.1,CTG,chr13-70713514-70713561,158
98,AGC,73,246.666666666667,7.94641895979516,chr13,70713514,70713561,CTG_16/247,2.1,695.1,CTG,chr13-70713514-70713561,131.5
99,AGC,19,66.6666666666667,6.05889368905357,chr13,70713514,70713561,CTG_16/48,2.1,98.1,CTG,chr13-70713514-70713561,32
